-- phpMyAdmin SQL Dump
-- version 3.5.8.2
-- http://www.phpmyadmin.net
--
-- Host: localhost
-- Generation Time: Nov 21, 2017 at 09:28 PM
-- Server version: 5.5.37-log
-- PHP Version: 5.3.29

SET SQL_MODE="NO_AUTO_VALUE_ON_ZERO";
SET time_zone = "+00:00";


/*!40101 SET @OLD_CHARACTER_SET_CLIENT=@@CHARACTER_SET_CLIENT */;
/*!40101 SET @OLD_CHARACTER_SET_RESULTS=@@CHARACTER_SET_RESULTS */;
/*!40101 SET @OLD_COLLATION_CONNECTION=@@COLLATION_CONNECTION */;
/*!40101 SET NAMES utf8 */;

--
-- Database: `zp10290_project`
--

-- --------------------------------------------------------

--
-- Table structure for table `category`
--

CREATE TABLE IF NOT EXISTS `category` (
  `categoryid` int(5) unsigned zerofill NOT NULL AUTO_INCREMENT,
  `categoryname` varchar(100) NOT NULL,
  PRIMARY KEY (`categoryid`)
) ENGINE=InnoDB  DEFAULT CHARSET=utf8 AUTO_INCREMENT=4 ;

--
-- Dumping data for table `category`
--

INSERT INTO `category` (`categoryid`, `categoryname`) VALUES
(00001, 'ข้าวเบา'),
(00002, 'ข้าวกลาง'),
(00003, 'ข้าวหนัก');

-- --------------------------------------------------------

--
-- Table structure for table `login`
--

CREATE TABLE IF NOT EXISTS `login` (
  `id` int(10) NOT NULL AUTO_INCREMENT,
  `username` varchar(100) NOT NULL,
  `password` int(100) NOT NULL,
  `status` varchar(100) NOT NULL,
  PRIMARY KEY (`id`)
) ENGINE=InnoDB  DEFAULT CHARSET=utf8 AUTO_INCREMENT=13 ;

--
-- Dumping data for table `login`
--

INSERT INTO `login` (`id`, `username`, `password`, `status`) VALUES
(1, 'far', 1234, 'admin'),
(12, 'mint', 1234, 'admin');

-- --------------------------------------------------------

--
-- Table structure for table `member`
--

CREATE TABLE IF NOT EXISTS `member` (
  `memberid` int(5) unsigned zerofill NOT NULL AUTO_INCREMENT,
  `name` varchar(50) NOT NULL,
  `lastname` varchar(50) NOT NULL,
  `address` text NOT NULL,
  `subdistrict` varchar(100) NOT NULL,
  `district` varchar(100) NOT NULL,
  `phone` varchar(10) NOT NULL,
  `username` varchar(50) NOT NULL,
  `password` varchar(50) NOT NULL,
  PRIMARY KEY (`memberid`)
) ENGINE=InnoDB  DEFAULT CHARSET=utf8 AUTO_INCREMENT=59 ;

--
-- Dumping data for table `member`
--

INSERT INTO `member` (`memberid`, `name`, `lastname`, `address`, `subdistrict`, `district`, `phone`, `username`, `password`) VALUES
(00001, 'กนกภรณ์ ', 'แสวงทรัพย์', '11 หมู่ 1 ตำบลเนินขาม        อำเภอเนินขาม    จังหวัดชัยนาท', ' เนินขาม   ', 'เนินขาม', '0853760012', 'kanok', '4356'),
(00002, 'นายกฤตดนัย ', 'ประดิษฐ์	', '1 หมู่ 1 ตำบลเนินขาม   อำเภอเนินขาม     จังหวัดชัยนาท', 'เนินขาม ', 'เนินขาม ', '0890096573', 'kit', '3467'),
(00003, 'นางสาวกัญญารัตน์', 'อำขำ', '16 หมู่ 4 ตำบลเนินขาม        อำเภอเนินขาม     จังหวัดชัยนาท', 'เนินขาม ', 'เนินขาม ', '0974567921', 'kun', '6703'),
(00004, '  นางสาวกันติชา', 'พรมโชติ', '3 หมู่ 1 ตำบลกะบกเตี้ย       อำเภอเนินขาม           จังหวัดชัยนาท', 'กะบกเตี้ย  ', 'เนินขาม', '0860084568', 'ืticha', '4325'),
(00005, 'นางสาวกัลยา', ' นนธิจันทร์', '5 หมู่ 3 ตำบลกะบกเตี้ย          อำเภอเนินขาม           จังหวัดชัยนาท', 'กะบกเตี้ย  ', 'เนินขาม ', '0853760012', 'yaya', '67894'),
(00006, ' นางสาวกาญจนารัตน์ 	', ' เกตุแก้ว	', '11 หมู่ 3 ตำบลกะบกเตี้ย         อำเภอเนินขาม            จังหวัดชัยนาท', 'กะบกเตี้ย  ', 'เนินขาม ', '0873564734', 'nai', '1243'),
(00007, '  นายกิตติพงศ์ ', 'คำบรรลือ', '15 หมู่ 8 ตำบลสุขเดือนห้า      อำเภอเนินขาม            จังหวัดชัยนาท', 'สุขเดือนห้า', 'เนินขาม', '0577811254', 'pong', '6755'),
(00008, 'นางสาวขจรวรรณ', 'กาขันธ์', '23 หมู่ 8 ตำบลสุขเดือนห้า        อำเภอ เนินขาม           จังหวัดชัยนาท', 'สุขเดือนห้า', 'เนินขาม ', '0875093573', 'bee', '1657'),
(00009, 'นายคณิศร ', 'นาคอินทร์', '21 หมู่ 1 ตำบลสุขเดือนห้า      อำเภอเนินขาม            จังหวัดชัยนาท', 'สุขเดือนห้า', 'เนินขาม ', '0868435564', 'kanich', '8574'),
(00010, 'นางสาวจันทร์จิรา', 'ยมจันทร์	', '12 หมู่ 5 ตำบลสุขเดือนห้า        อำเภอเนินขาม            จังหวัดชัยนาท', 'สุขเดือนห้า', 'เนินขาม ', '08578345', 'far', '1234'),
(00011, ' นางสาวจารุวรรณ', ' บางนาชาติ', '2 หมู่ 8 ตำบลสุขเดือนห้า        อำเภอเนินขาม            จังหวัดชัยนาท', 'สุขเดือนห้า', 'เนินขาม ', '0867855647', 'ja', '5677'),
(00012, 'นางสาวจินดารัตน์', ' ทับทิม	', '11 หมู่ 5 ตำบลสุขเดือนห้า        อำเภอเนินขาม      จังหวัดชัยนาท', 'สุขเดือนห้า', 'เนินขาม ', '096778467', 'jin', '0898'),
(00013, 'นายจิรทีปต์ ', 'กุลนาดา', '4 หมู่ 1 ตำบลสุขเดือนห้า        อำเภอเนินขาม      จังหวัดชัยนาท', 'สุขเดือนห้า', 'เนินขาม ', '085667358', '่jija', '5467'),
(00014, 'นายจิรภัทร ', 'เชาวน์ดี', '5 หมู่ 1 ตำบลเนินขาม        อำเภอเนินขาม      จังหวัดชัยนาท', 'เนินขาม ', 'เนินขาม ', '0974657234', 'ford', '3456'),
(00015, '  นายจิรัฐติกาล', 'จ๊ะสุนา', '6 หมู่ 1 ตำบลเนินขาม        อำเภอเนินขาม      จังหวัดชัยนาท', 'เนินขาม ', 'เนินขาม ', '0974456123', 'toey', '7680'),
(00016, 'นางสาวจุฑามาศ ', 'ไกรมาต', '16 หมู่ 4 ตำบล        อำเภอวัดสิงห์  จังหวัดชัยนาท', ' วัดสิงห์', ' วัดสิงห์', '0853760012', 'ju', '7890'),
(00017, 'นางสาวจุฑามาศ', 'เทือกเถาสาร', '17 หมู่ 5 ตำบลมะขามเฒ่า    อำเภอวัดสิงห์  จังหวัดชัยนาท', 'มะขามเฒ่า  ', 'วัดสิงห์', '0678845678', 'tai', '6578'),
(00018, '  นางสาวชญานิษฐ์ ', 'เล็กสมบูรณ์ไชย', '18 หมู่ 6 ตำบลหนองน้อย    อำเภอวัดสิงห์  จังหวัดชัยนาท\r\n\r\n', 'หนองน้อย  ', 'วัดสิงห์', '0678845678', 'nin', '4563'),
(00019, '  นางสาวชนิกานต์ ', 'เย็นตา', '19 หมู่ 4 ตำบลหนองบัว          อำเภอวัดสิงห์  จังหวัดชัยนาท', 'หนองบัว  ', 'วัดสิงห์', '0857834578', 'pat', '5645'),
(00020, 'นางสาวชุติญา 	', 'ชาติเนติวุฒิ', '19 หมู่ 4 ตำบลหนองขุ่น          อำเภอวัดสิงห์  จังหวัดชัยนาท', 'หนองขุ่น  ', 'วัดสิงห์', '0857834578', 'chu', '5678'),
(00021, 'นายชุษณะ ', 'เขื่อนแก้ว', '20 หมู่ 1 ตำบลบ่อแร่        อำเภอวัดสิงห์  จังหวัดชัยนาท', ' บ่อแร่', 'วัดสิงห์', '0853760012', 'yut', '6112'),
(00022, 'นายเชษฐกิตติ์ 	', 'โตเทศาภาค', '21 หมู่ 4 ตำบลวังหมัน        อำเภอวัดสิงห์  จังหวัดชัยนาท', 'วังหมัน', 'วัดสิงห์', '0857834578', 'chat', '8906'),
(00023, 'นายไชยวัฒน์ ', 'สกนธ์ผดุงเขต', '22 หมู่ 1 ตำบลวัดสิงห์         อำเภอวัดสิงห์  จังหวัดชัยนาท', 'วัดสิงห์ ', 'วัดสิงห์ ', '0857834578', 'chai', '5567'),
(00024, 'นายณัฐพล ', 'ชัยวรรณ', '24 หมู่ 1 ตำบลสรรพยา        อำเภอสรรพยา จังหวัดชัยนาท', 'สรรพยา', 'สรรพยา', '0678845678', 'nut', '2368'),
(00025, 'นายณัฐพล', 'เบญญาไพจิตร	', '25 หมู่ 4 ตำบลสรรพยา       อำเภอสรรพยา จังหวัดชัยนาท', 'สรรพยา', 'สรรพยา', '0678845678', '้gui', '7067'),
(00026, 'นายณัฐวุฒิ', ' ตุ้มเงิน', '11 หมู่ 1 ตำบลสรรพยา        อำเภอสรรพยา   จังหวัดชัยนาท', 'สรรพยา', 'สรรพยา', '0875093573', 'nutt', '4456'),
(00027, 'นายถิรวุฒบุษ', 'บุตรโคษา', '11 หมู่ 1 ตำบลสรรพยา        อำเภอสรรพยา จังหวัดชัยนาท', 'สรรพยา', 'สรรพยา', '0857834578', 'tira', '6789'),
(00028, 'นายธนพงศ์ ', 'ใจเที่ยง', '27 หมู่ 3 ตำบลตลุก       อำเภอสรรพยา จังหวัดชัยนาท', 'ตลุก', 'สรรพยา', '0678845678', 'trana', '0098'),
(00029, 'นางสาวธัญรดา ', 'รักษ์รตนากร', '11 หมู่ 1 ตำบลตลุก        อำเภอสรรพยา จังหวัดชัยนาท', 'ตลุก', 'สรรพยา', '0875093573', 'fai', '3333'),
(00030, 'นางสาวธัญวรัตม์ 	', 'โชติปุณยารักษ์', '11 หมู่ 1 ตำบลตลุก        อำเภอสรรพยา จังหวัดชัยนาท', 'ตลุก', 'สรรพยา', '0846675834', 'thun', '5543'),
(00031, 'นางสาวนัฐภรณ์', 'ชูเกียรติ', '31 หมู่ 1 ตำบลเขาแก้ว        อำเภอสรรพยา จังหวัดชัยนาท', 'เขาแก้ว', 'สรรพยา', '0857764856', 'ืีืnuch', '7780'),
(00032, 'นายปฏิพล 	', 'เกิดพิบูลพูนผล', '32 หมู่ 1 ตำบลโพนางดำ        อำเภอสรรพยา จังหวัดชัยนาท', 'โพนางดำ', 'สรรพยา', '0867556348', 'van', '6780'),
(00033, 'นางสาวปาริชาติ', 'มณีท่าโพธิ์', '33 หมู่ 1 ตำบลบางหลวง       อำเภอสรรพยา จังหวัดชัยนาท', 'บางหลวง', 'สรรพยา', '0845776890', 'ืsi', '5678'),
(00034, 'นางสาวพัณณิตา ', 'ราชกิจ', '34 หมู่ 1 ตำบลหาดอาสา        อำเภอสรรพยา จังหวัดชัยนาท', 'หาดอาสา', 'สรรพยา', '0577811254', 'mai', '5612'),
(00035, 'นางสาวพิชญาภา ', 'ปัญญาเสน', '35 หมู่ 1 ตำบล        อำเภอหนองมะโมง  จังหวัดชัยนาท', 'หนองมะโมง', 'หนองมะโมง', '0678845678', 'pich', '5534'),
(00036, 'นางสาวพิมพ์นฤมล', ' ล้าคำ', '35 หมู่ 1 ตำบล        อำเภอหนองมะโมง  จังหวัดชัยนาท', 'หนองมะโมง', 'หนองมะโมง', '0853760012', 'or', '5678'),
(00037, 'นางสาวพิสมัย ', 'คำผัด', '36 หมู่ 1 ตำบลหนองมะโมง        อำเภอหนองมะโมง  จังหวัดชัยนาท', '', 'หนองมะโมง', 'หนองมะโมง', 'pi', '3345'),
(00038, '  นายพีระพงศ์ ', 'วงษาเลิศ	', '37 หมู่ 1 ตำบลหนองมะโมง        อำเภอหนองมะโมง  จังหวัดชัยนาท', 'หนองมะโมง', 'หนองมะโมง', '0875093573', 'pee', '5567'),
(00039, 'นางสาวภัทราภรณ์', ' ปานเกิด', '39 หมู่ 8 ตำบลหนองมะโมง        อำเภอหนองมะโมง  จังหวัดชัยนาท', 'หนองมะโมง', 'หนองมะโมง', '088200071', 'mint', '1234'),
(00040, 'นายภานุกร ', 'นพรัตน์', '40 หมู่ 8 ตำบลหนองมะโมง        อำเภอหนองมะโมง  จังหวัดชัยนาท', 'หนองมะโมง', 'หนองมะโมง', '0875093573', 'pa', '8790'),
(00041, 'นางสาวมานิตา ', ' บุญดาสา', '41 หมู่ 1 ตำบลหนองมะโมง        อำเภอหนองมะโมง  จังหวัดชัยนาท', 'หนองมะโมง', 'หนองมะโมง', '0867734569', 'jam', '1111'),
(00042, 'นายวรรณชัย', 'รงค์ทอง	', '42หมู่ 1 ตำบลหนองมะโมง        อำเภอหนองมะโมง  จังหวัดชัยนาท', 'หนองมะโมง', 'หนองมะโมง', '0845776890', 'oom', '4456'),
(00043, 'นางสาวศรัญยพร', ' ไพศาล', '43 หมู่ 2 ตำบลวังตะเคียน        อำเภอหนองมะโมง  จังหวัดชัยนาท', 'วังตะเคียน', 'หนองมะโมง', '0875093573', 'run', '0067'),
(00044, 'นางสาวศศิประภา ', 'อาปะนนท์', '43 หมู่ 1 ตำบลวังตะเคียน        อำเภอหนองมะโมง  จังหวัดชัยนาท', 'วังตะเคียน', 'หนองมะโมง', '0577811254', 'kung', '3342'),
(00045, 'นางสาวศิราภรณ์ 	', 'ทหารเสือ', '44 หมู่ 1 ตำบลวังตะเคียน        อำเภอหนองมะโมง  จังหวัดชัยนาท', 'วังตะเคียน', 'หนองมะโมง', '0875093573', 'sire', '8098'),
(00046, '  นางสาวศิริภรณ์ ', 'รักเกียรติยศ', '45 หมู่ 4 ตำบลวังตะเคียน        อำเภอหนองมะโมง  จังหวัดชัยนาท', 'วังตะเคียน', 'หนองมะโมง', '0577811254', 'ri', '5679'),
(00047, 'นายสมิทธ์ ', 'อาสว่าง', '46 หมู่ 1 ตำบลสะพานหิน        อำเภอหนองมะโมง  จังหวัดชัยนาท', 'สะพานหิน', 'หนองมะโมง', '0853760012', 'ja', '8905'),
(00048, 'นางสาวสิรีธร ', 'โพธิ์ชื่น', '47 หมู่ 1 ตำบลสะพานหิน        อำเภอหนองมะโมง  จังหวัดชัยนาท', 'สะพานหิน', 'หนองมะโมง', '0853760012', 'wari', '7345'),
(00049, 'นางสาวสุนิษา ', ' ด้ามพรม', '48 หมู่ 1 ตำบล        อำเภอหนองมะโมง  จังหวัดชัยนาท', 'สะพานหิน', 'หนองมะโมง', '0845776890', 'su', '6123'),
(00050, 'นางสาวสุภาณี', 'จับสังข์', '49 หมู่ 1 ตำบลสะพานหิน        อำเภอหนองมะโมง  จังหวัดชัยนาท', 'สะพานหิน', 'หนองมะโมง', '0875093573', 'ิbebe', '0001'),
(00051, 'นายสุริยา ', 'ศรีบุญ	', '50 หมู่ 1 ตำบลกุดจอก          อำเภอหนองมะโมง  จังหวัดชัยนาท', 'กุดจอก  ', 'หนองมะโมง', '0686712351', 'duy', '6781'),
(00052, 'นางสาวอภิตา ', 'นาคะเกศ	', '51 หมู่ 1 ตำบลกุดจอก          อำเภอหนองมะโมง  จังหวัดชัยนาท', 'กุดจอก  ', 'หนองมะโมง', '0857834578', 'ai', '2309'),
(00053, 'นางสาวอมรรัตน์', 'พูลเพิ่ม	', '52 หมู่ 1 ตำบลกุดจอก          อำเภอหนองมะโมง  จังหวัดชัยนาท', 'กุดจอก  ', 'หนองมะโมง', '0853760012', 'aung', '4443'),
(00054, 'นายอัสดา', 'สุขเจริญ', '55หมู่ 1 ตำบลกุดจอก          อำเภอหนองมะโมง  จังหวัดชัยนาท', 'กุดจอก  ', 'หนองมะโมง', '0857834578', 'aus', '4356');

-- --------------------------------------------------------

--
-- Table structure for table `news`
--

CREATE TABLE IF NOT EXISTS `news` (
  `newsid` int(10) NOT NULL AUTO_INCREMENT,
  `title` varchar(100) NOT NULL,
  `content` varchar(500) NOT NULL,
  PRIMARY KEY (`newsid`)
) ENGINE=InnoDB  DEFAULT CHARSET=utf8 AUTO_INCREMENT=10 ;

--
-- Dumping data for table `news`
--

INSERT INTO `news` (`newsid`, `title`, `content`) VALUES
(1, 'หลายชาติเข้าคิวซื้อข้าวไทย ศรีลังกา-บังกลาเทศ ออเดอร์ประเทศละ 2 แสนตัน', 'กรมการค้าต่างประเทศ เผยหลายประเทศเข้าคิวรอซื้อข้าวไทย ล่าสุดศรีลังกา-บังกลาเทศ ขอซื้อประเทศละ 2 แสนตัน พร้อมทำหนังสือจี้จีน เจรจาซื้อขายลอตที่ 5 และเตรียมร่วมประมูลของฟิลิปปินส์อีก 2.5 แสนตัน\r\n\r\n\r\n\r\n'),
(2, 'ขับเคลื่อนข้าวไทยยุคใหม่ ด้วยนวัตกรรม ', 'ข้าวไทยในวันนี้ได้รับการต่อยอดด้วยเทคโนโลยีและนวัตกรรมจนสามารถเพิ่มมูลค่าหลายเท่าตัว เช่น พัฒนาเป็น “น้ำมันรำข้าว” น้ำมันพืชทางเลือกเพื่อสุขภาพมูลค่าสูง การผลิตแป้งสตาร์ช หรือ “แป้งดัดแปร” จากข้าว ซึ่งสามารถเพิ่มมูลค่าจากข้าวสารกิโลกรัมละ 10 บาท เป็นแป้งข้าวดัดแปรสารพัดประโยชน์กิโลกรัมละถึง 1,000 บาท \r\n\r\n\r\n\r\n\r\n\r\n\r\n\r\n\r\n'),
(6, 'เห่กล่อมผู้บริโภค 40 ประเทศ ดื่มด่ำคุณภาพข้าวเมืองไทย  ', 'คณะกรรมการนโยบายและบริหารจัดการข้าว (นบข.) ได้อนุมัติให้กรมจัดตั้งสถาบันส่งเสริมสินค้าเกษตรนวัตกรรม เพื่อผลักดันและสร้างมูลค่าเพิ่มให้กับข้าว ที่จะมีการจัดแสดงผลงานนวัตกรรมจากข้าว เช่น ผลิตภัณฑ์เสริมความงามและสุขภาพ \r\n\r\n\r\n\r\n');

-- --------------------------------------------------------

--
-- Table structure for table `orderlist`
--

CREATE TABLE IF NOT EXISTS `orderlist` (
  `orderid` int(5) unsigned zerofill NOT NULL AUTO_INCREMENT,
  `orderdate` date NOT NULL,
  `list` varchar(100) NOT NULL,
  `number` int(50) NOT NULL,
  `price` int(50) NOT NULL,
  `memberid` int(5) unsigned zerofill NOT NULL,
  `id` int(5) unsigned zerofill NOT NULL,
  `status` int(10) NOT NULL,
  PRIMARY KEY (`orderid`)
) ENGINE=InnoDB  DEFAULT CHARSET=utf8 AUTO_INCREMENT=173 ;

--
-- Dumping data for table `orderlist`
--

INSERT INTO `orderlist` (`orderid`, `orderdate`, `list`, `number`, `price`, `memberid`, `id`, `status`) VALUES
(00075, '2017-10-16', 'กข27', 3, 130, 00005, 00002, 1),
(00076, '2017-10-16', 'กข12 (หนองคาย 80)', 5, 100, 00001, 00002, 2),
(00077, '2017-10-14', 'กข5', 3, 100, 00001, 00002, 2),
(00078, '2017-10-04', 'เล็บนกปัตตานี', 6, 120, 00003, 00002, 2),
(00079, '2017-10-01', 'หางยี 71', 6, 110, 00001, 00002, 2),
(00080, '2017-10-04', 'พิษณุโลก 3', 5, 120, 00001, 00002, 2),
(00081, '2017-10-10', 'กข47 (RD47)', 3, 120, 00006, 00013, 2),
(00082, '2017-10-11', 'กข49 (RD49)', 56, 140, 00012, 00023, 2),
(00083, '2017-10-04', 'กข49 (RD49)', 3, 100, 00011, 00009, 2),
(00084, '2017-10-03', 'สุพรรณบุรี 60', 2, 100, 00017, 00018, 2),
(00085, '2017-10-20', 'กข15', 5, 120, 00013, 00014, 0),
(00086, '2017-10-14', 'กข27', 6, 130, 00014, 00015, 0),
(00087, '2017-10-19', 'กข27', 4, 130, 00036, 00022, 1),
(00088, '2017-10-19', 'กข35', 4, 130, 00045, 00023, 0),
(00089, '2017-10-20', 'กข47 (RD47)', 45, 120, 00024, 00003, 0),
(00090, '2017-10-11', 'กข49 (RD49)', 23, 140, 00034, 00004, 0),
(00091, '2017-10-16', 'ชัยนาท 2', 34, 120, 00035, 00005, 2),
(00092, '2017-10-19', 'ชัยนาท 80', 46, 100, 00044, 00006, 0),
(00093, '2017-10-20', 'กข41 (RD41)', 34, 120, 00035, 00007, 2),
(00094, '2017-10-19', 'สุพรรณบุรี 60', 67, 100, 00036, 00008, 2),
(00095, '2017-10-19', 'นางพญา 132', 34, 140, 00046, 00030, 2),
(00096, '2017-10-12', 'นางมล เอส-4', 56, 120, 00049, 00031, 2),
(00153, '2017-10-28', 'กข15', 3, 130, 00005, 00099, 0),
(00154, '2017-10-28', 'กข15', 52, 120, 00010, 00021, 0),
(00157, '2017-10-28', 'ขาวตาแห้ง 17', 25, 130, 00010, 00026, 0),
(00159, '2017-10-28', 'กข31 (ปทุมธานี 80)', 50, 130, 00002, 00015, 1),
(00160, '2017-10-28', 'เจ๊กเชย 1', 100, 110, 00038, 00051, 0),
(00161, '2017-10-29', 'ชุมแพ 60', 5, 100, 00047, 00029, 0),
(00162, '2017-10-29', 'ปทุมธานี 1', 99, 120, 00039, 00009, 0),
(00163, '2017-10-29', 'กข5', 123, 100, 00010, 00016, 0),
(00164, '2017-10-29', 'กข47 (RD47)', 8, 120, 00010, 00003, 0),
(00165, '2017-10-29', 'ชัยนาท 1 ', 5, 130, 00010, 00013, 0),
(00166, '2017-10-31', 'เหมยนอง 62 เอ็ม', 5, 120, 00010, 00041, 0),
(00167, '2017-10-31', 'สังข์หยดพัทลุง', 9, 120, 00010, 00050, 2),
(00168, '2017-10-31', 'เหลืองใหญ่ 148', 9, 130, 00010, 00046, 2),
(00169, '2017-10-31', 'สุพรรณบุรี 60', 9, 100, 00010, 00008, 2),
(00170, '2017-10-31', 'เจ๊กเชย 1', 8, 110, 00010, 00051, 2),
(00171, '2017-11-10', 'หอมมะลิ 105', 45, 170, 00010, 00012, 0),
(00172, '2017-11-12', 'กข47 (RD47)', 9, 120, 00010, 00003, 0);

-- --------------------------------------------------------

--
-- Table structure for table `payment`
--

CREATE TABLE IF NOT EXISTS `payment` (
  `paymentid` int(5) unsigned zerofill NOT NULL AUTO_INCREMENT,
  `datepayment` date NOT NULL,
  `list` text NOT NULL,
  `price` int(100) NOT NULL,
  `number` int(50) NOT NULL,
  `orderid` int(5) unsigned zerofill NOT NULL,
  PRIMARY KEY (`paymentid`),
  KEY `orderid` (`orderid`)
) ENGINE=InnoDB  DEFAULT CHARSET=utf8 AUTO_INCREMENT=3 ;

--
-- Dumping data for table `payment`
--

INSERT INTO `payment` (`paymentid`, `datepayment`, `list`, `price`, `number`, `orderid`) VALUES
(00001, '2017-06-15', '3reahahfhafh', 12, 3, 00003),
(00002, '2017-06-01', 'addafdag\r\ndfabbgnfsnnnnnnnnnnnnnnnnnnnnnnnnnnnnnnnnnnnnnnnnnnnnnnnnnnnnnnnnnnnnnnnnnnnnnnnnnnnnnnn\r\nnsd\r\ngnaaaaaaaaaaaaaaaaaaaaaaaaaaaaaaaaaaaaaaaaaaaaaaaaaaaaaaaaaaaaaaaaaaaaaaaaaaaaaaaaaaaaaaaaaaaaaaaaa', 12, 4, 00005);

-- --------------------------------------------------------

--
-- Table structure for table `rice`
--

CREATE TABLE IF NOT EXISTS `rice` (
  `id` int(5) unsigned zerofill NOT NULL AUTO_INCREMENT,
  `ricename` varchar(100) NOT NULL,
  `categoryid` int(5) unsigned zerofill NOT NULL,
  `remarkable` text NOT NULL,
  `general` text NOT NULL,
  `area` text NOT NULL,
  `price` int(50) NOT NULL,
  `img` varchar(300) NOT NULL,
  PRIMARY KEY (`id`)
) ENGINE=InnoDB  DEFAULT CHARSET=utf8 AUTO_INCREMENT=57 ;

--
-- Dumping data for table `rice`
--

INSERT INTO `rice` (`id`, `ricename`, `categoryid`, `remarkable`, `general`, `area`, `price`, `img`) VALUES
(00002, 'กข43 (RD43)', 00001, 'อายุการเก็บเกี่ยวสั้น  95 วันเมื่อปลูกโดยวิธีหว่านน้ำตม\r\nคุณภาพของเมล็ดทางการหุงต้มรับประทาน ดี ข้าวสุกนุ่ม  มีกลิ่นหอมอ่อน\r\nค่อนข้างต้านทานต่อโรคไหม้และเพลี้ยกระโดดสีน้ำตาล\r\n', 'เป็นข้าวเจ้าไม่ไวต่อช่วงแสง สูงประมาณ 103 เซนติเมตร   \r\nอายุเก็บเกี่ยว 95 วัน\r\nทรงกอตั้ง ต้นค่อนข้างแข็ง ใบสีเขียวจาง ใบธงเอนปานกลาง  \r\nเมล็ดข้าวเปลือกสีฟาง ข้าวกล้องสีขาว  รูปร่างเรียว   \r\nระยะพักตัวของเมล็ดพันธุ์ประมาณ 5 สัปดาห์ \r\nผลผลิต ประมาณ 561 กิโลกรัมต่อไร่ \r\n', 'พื้นที่นาชลประทาน พื้นที่ที่มีน้ำท่วมขังเป็นเวลานานและเกษตรกรมีช่วงเวลาในการทำนาน้อยกว่าพื้นที่ปลูกข้าวอื่น ๆ และ/หรือพื้นที่ที่มีปัญหาข้าววัชพืชระบาด', 130, 'rice2.jpg'),
(00003, 'กข47 (RD47)', 00001, 'ผลผลิตสูง  มีเสถียรภาพดี\r\nค่อนข้างต้านทานเพลี้ยกระโดดสีน้ำตาลดีกว่า กข41 และค่อนข้างต้านโรคไหม้ดีกว่าพิษณุโลก 2\r\nคุณภาพเมล็ดทางกายภาพดีเป็นข้าวเจ้าเมล็ดยาวเรียว  ท้องไข่น้อย คุณภาพการสีดีถึงดีมาก  สามารถสีเป็นข้าวสาร 100 เปอร์เซ็นต์ได้\r\n', 'ไม่ไวต่อช่วงแสง\r\n อายุเก็บเกี่ยวประมาณ 90-100วัน (หว่านน้ำตม) และ 112 วัน(ปักดำ)\r\nลำต้นแข็งมาก ใบสีเขียว มุมใบธงกว้างปานกลาง รวงยาว\r\nเมล็ดข้าวเปลือกสีฟาง\r\nสีขาวนวลไม่เลื่อมมัน ค่อนข้างร่วนและแข็ง\r\nผลผลิต ประมาณ 793 กิโลกรัมต่อไร่\r\n', 'เหมาะสำหรับปลูกในพื้นที่นาชลประทาน ภาคเหนือตอนล่าง สำหรับเป็นทางเลือกของเกษตรกร    ในการป้องกันการแพร่ระบาดของเพลี้ยกระโดดสีน้ำตาล และโรคไหม้', 120, 'rice3.jpg'),
(00004, 'กข49 (RD49)', 00001, 'ผลผลิตสูง (ศักยภาพการให้ผลผลิตสูงถึง 939 กก./ไร่)สามารถผลิตเป็นข้าว 100 เปอร์เซ็นต์ ชั้น 1 ได้ค่อนข้างต้านทานเพลี้ยกระโดดสีน้ำตาลชีวชนิดใหม่ต้านทานโรคไหม้\r\n\r\n', 'ข้าวเจ้านาสวน ไม่ไวต่อช่วงแสง\r\nต้นสูงประมาณ 80-89 เซนติเมตร  \r\nอายุเก็บเกี่ยว 102-107 วัน (หว่านน้ำตม) \r\nทรงกอตั้ง ใบสีเขียวเข้ม ใบธงตั้ง รวงแน่นปานกลาง ระแง้ถี่ คอรวงสั้น ฟางแข็ง\r\nเมล็ดข้าวเปลือกสีฟาง\r\nผลผลิตเฉลี่ย 733 กก./ไร่\r\n', 'พื้นที่นาชลประทาน', 140, 'rice4.jpg'),
(00005, 'ชัยนาท 2 ', 00001, 'เป็นข้าวอายุสั้นกว่าพันธุ์ปทุมธานี 1 ประมาณ 7-9 วัน\r\nคุณภาพการหุงต้ม เป็นข้าวร่วน มีกลิ่นหอม เป็นทางเลือกของผู้บริโภคที่ชอบข้าวร่วนประเภทข้าวเสาไห้ แต่มีกลิ่นหอม\r\nต้านทานต่อเพลี้ยกระโดดสีน้ำตาลได้ดีกว่าพันธุ์ปทุมธานี 1\r\n', 'เป็นข้าวเจ้าไม่ไวต่อช่วงแสง สูงประมาณ 83 - 95 เซนติเมตร\r\nอายุเก็บเกี่ยวประมาณ 103 – 105 วัน\r\nทรงกอแบะ ใบสีเขียวเข้ม ใบธงเป็นแนวนอน รวงแน่นปานกลาง ระแง้ถี่ คอรวงยาว ต้นแข็ง ไม่ล้ม ใบค่อนข้างแก่เร็ว\r\nเมล็ดข้าวเปลือกสีฟาง\r\nระยะพักตัวของเมล็ดพันธุ์ ประมาณ 5 สัปดาห์\r\nคุณภาพข้าวสุก ร่วน มีกลิ่นหอม\r\nผลผลิต ผลผลิตเฉลี่ย 657 กิโลกรัมต่อไร่\r\n', 'แนะนำให้ปลูกในพื้นที่การทำนาเขตชลประทาน ที่มีการทำนาอย่างต่อเนื่อง\r\nในภาคเหนือตอนล่าง พื้นที่ซึ่งน้ำท่วมเร็วในฤดูฝน มีช่วงระยะเวลาการทำนาค่อนข้างจำกัดเพื่อสามารถปลูกและเก็บเกี่ยวได้ทันเวลา\r\n', 120, 'rice5.jpg'),
(00006, 'ชัยนาท 80', 00002, '1. อายุสั้น มีอายุวันเก็บเกี่ยว 99 วัน ในฤดูนาปรัง และ103 วันในฤดูนาปี เมื่อปลูกโดยวิธีหว่านน้ำตม\r\n2. ผลผลิตสูง เฉลี่ย 876 กิโลกรัมต่อไร่\r\n3. ค่อนข้างต้านทานต่อเพลี้ยกระโดดสีน้ำตาลในภาคเหนือตอนล่าง และโรคขอบใบแห้ง\r\n4. คุณภาพการสีดีมาก สามารถสีเป็นข้าวขาว 100 เปอร์เซ็นต์\r\n5. มีปริมาณธาตุเหล็กในข้าวกล้อง 15.7 มิลลิกรัม ต่อ 1 กิโลกรัม ในข้าวสาร 6.7 มิลลิกรัมต่อ 1 กิโลกรัม\r\n', 'ชัยนาท 80 เป็นข้าวเจ้าไม่ไวต่อช่วงแสง อายุเก็บเกี่ยว 103 วัน ในฤดูนาปี และ 99 วันในฤดูนาปรัง เมื่อปลูกโดยวิธีหว่านน้ำตม กอตั้ง ต้นแข็งไม่ล้มง่าย สูงเฉลี่ย 104 เซนติเมตร ใบสีเขียวเข้ม ใบธงตั้งตรง รวงแน่นปานกลาง คอรวงยาว เปลือกเมล็ดสีฟาง ข้าวกล้องสีขาว เป็นท้องไข่น้อย รูปร่างเรียว ยาว 7.34 มิลลิเมตร กว้าง 2.23 มิลลิเมตร หนา 1.80 มิลลิเมตร มีปริมาณแอมิโลสสูง (26.6-29.4%) ระยะพักตัวของเมล็ด 4-6 สัปดาห์ ผลผลิต เฉลี่ย 876 กิโลกรัม/ไร่', 'พื้นที่นาชลประทาน ภาคเหนือตอนล่างและภาคกลางตอนบน ที่ต้องการข้าวอายุสั้น โดยเริ่มปลูกในเดือนสิงหาคม ธันวาคม และเมษายน หรือสำหรับปลูกหลังถูกน้ำท่วมในฤดูฝนและสามารถปลูกและเก็บเกี่ยวได้ 2 ครั้งในฤดูนาปรังก่อนถูกน้ำท่วม', 100, 'rice6.jpg'),
(00007, 'กข41 (RD41)', 00002, 'ผลผลิตสูง  มีเสถียรภาพดี ให้ผลผลิตเฉลี่ย 722 กก./ไร่   สูงกว่าสุพรรณบุรี 1  (645 กก./ไร่)  และชัยนาท 1 (640 กก./ไร่)  คิดเป็นร้อยละ 12  และ 13 ตามลำดับ แต่ไม่แตกต่างจากพิษณุโลก 2 (719 กก./ไร่)\r\nค่อนข้างต้านทานเพลี้ยกระโดดสีน้ำตาล และโรคไหม้ \r\nคุณภาพเมล็ดทางกายภาพดีเป็นข้าวเจ้าเมล็ดยาวเรียว  ท้องไข่น้อย คุณภาพการสีดี  สามารถสีเป็นข้าวสาร 100 เปอร์เซ็นต์ได้ \r\n', 'เป็นข้าวเจ้าไม่ไวต่อช่วงแสง ความสูงประมาณ 104 เซนติเมตร   \r\nอายุเก็บเกี่ยว 105 วัน\r\nกอตั้ง ต้นแข็ง ใบและกาบใบสีเขียว ใบธงตั้งตรง คอรวงโผล่พ้นจากกาบใบธงเล็กน้อย ยอดเกสรตัวเมียสีขาว  \r\nเมล็ดข้าวเปลือกสีฟาง เปลือกเมล็ดมีขนสั้น  รูปร่างเรียว   \r\nคุณภาพการสีดีได้ข้าวเต็มเมล็ด\r\nระยะพักตัวของเมล็ดพันธุ์ประมาณ 9-10 สัปดาห์\r\nผลผลิต ประมาณ 722 กิโลกรัมต่อไร่่ \r\n', 'เหมาะสำหรับปลูกในพื้นที่นาชลประทาน ภาคเหนือตอนล่าง สำหรับเป็นทางเลือกของเกษตรกรในการป้องกันการแพร่ระบาดของเพลี้ยกระโดดสีน้ำตาล   ', 120, 'rice7.jpg'),
(00008, 'สุพรรณบุรี 60', 00002, 'ผลผลิตสูง คุณภาพเมล็ดดี  คุณภาพการสีดี  ตอบสนองต่อปุ๋ยสูง  ต้านทานโรคใบสีส้ม และโรคไหม้  ต้านทานเพลี้ยกระโดดสีน้ำตาล เพลี้ยจักจั่นสีเขียว', 'เป็นข้าวเจ้า สูงประมาณ 133 เซนติเมตร  ไม่ไวต่อช่วงแสง  อายุเก็บเกี่ยว ประมาณ 120-122 วัน ใบสีเขียวเข้ม ทรงกอตั้ง รวงแน่น ระแง้ถี่ คอรวงสั้น เมล็ดรูปร่างเรียว ยาว ท้องไข่น้อย  เมล็ดข้าวเปลือกสีฟาง  ระยะพักตัวของเมล็ดประมาณ 4 สัปดาห์คุณภาพข้าวสุก ร่วน นุ่ม  ผลผลิต ประมาณ 700 กิโลกรัมต่อไร่', 'เขตชลประทานภาคกลาง ภาคตะวันตก และภาคตะวันออก', 100, 'rice26.jpg'),
(00009, 'ปทุมธานี 1', 00002, 'ผลผลิตสูง\r\nคุณภาพเมล็ดคล้ายพันธุ์ข้าวดอกมะลิ 105\r\nต้านทานเพลี้ยกระโดดสีน้ำตาล และเพลี้ยกระโดดหลังขาว\r\nต้านทานโรคไหม้ และโรคขอบใบแห้ง\r\n', 'เป็นข้าวเจ้า สูงประมาณ 104-133 เซนติเมตร\r\nไม่ไวต่อช่วงแสง\r\nอายุเก็บเกี่ยว ประมาณ 104-126 วัน\r\nทรงกอตั้ง ใบสีเขียวมีขน กาบใบและปล้องสีเขียว ใบธงยาว ทำมุม 45o กับคอรวง รวงอยู่ใต้ใบธง\r\nเมล็ดข้าวเปลือกสีฟาง มีขน มีหางเล็กน้อย\r\nระยะพักตัวของเมล็ดประมาณ 3-4 สัปดาห์ \r\nผลผลิต ประมาณ 650-774 กิโลกรัมต่อไร่\r\n', 'เขตชลประทานในภาคกลาง', 120, 'rice8.jpg'),
(00010, 'พิษณุโลก 2', 00002, 'ผลผลิตสูง และมีเสถียรภาพในการให้ผลผลิต \r\nต้านทานเพลี้ยกระโดดสีน้ำตาล เพลี้ยกระโดดหลังขาว และเพลี้ยจักจั่นสีเขียว\r\nคุณภาพการสีดี ท้องไข่น้อย\r\n', 'เป็นข้าวเจ้า สูงประมาณ 114 เซนติเมตร\r\nไม่ไวต่อช่วงแสง	\r\nอายุเก็บเกี่ยว 119-121 วัน\r\nทรงกอตั้ง ใบสีเขียวเข้ม ใบธงตั้ง รวงแน่นปานกลาง ระแง้ค่อนข้างถี่ คอรวงสั้น ฟางแข็ง ใบแก่ช้า\r\nเมล็ดข้าวเปลือกสีฟาง\r\nระยะพักตัวของเมล็ดประมาณ 8 สัปดาห์\r\nคุณภาพข้าวสุก ร่วน แข็ง\r\nผลผลิต ประมาณ 807 กิโลกรัมต่อไร่\r\n', 'ทุกภาคในเขตชลประทาน', 130, 'rice10.jpg'),
(00011, 'สุพรรณบุรี 3 (Suphan Buri 3)', 00002, 'ต้านทานเพลี้ยกระโดดสีน้ำตาล ดีกว่าพันธุ์สุพรรณบุรี 1\r\nต้านทานโรคไหม้และโรคขอบใบแห้ง	\r\nให้ผลผลิตสูงใกล้เคียงกับพันธุ์สุพรรณบุรี 1\r\n', 'เป็นข้าวเจ้า สูงประมาณ 114 เซนติเมตร \r\nไม่ไวต่อช่วงแสง \r\nอายุเก็บเกี่ยว 115 - 120 วัน \r\nลักษณะทรงกอตั้ง ต้นแข็ง ใบสีเขียว ใบธงค่อนข้างตั้ง \r\nเมล็ดข้าวเปลือกสีฟาง \r\nระยะพักตัวของเมล็ดพันธุ์ ประมาณ 5 สัปดาห์\r\nคุณภาพข้าวสุก ร่วน แข็ง ประเภทข้าวเสาไห้\r\nผลผลิต:  ประมาณ 772 กิโลกรัมต่อไร่	\r\n', 'นาชลประทานภาคกลางที่ทำนาต่อเนื่อง และพื้นที่ที่มีปัญหาการระบาดของเพลี้ยกระโดดสีน้ำตาล', 140, 'rice22.jpg'),
(00012, 'หอมมะลิ 105', 00003, '1. เหมาะกับการบริโภค หุงแล้วข้าวสุกมีกลิ่นหอม และอ่อนนุ่ม  2. ทนแล้งได้ดีพอสมควร  3. เมล็ดข้าวสารใส แกร่ง คุณภาพการสีดี  4. ทนต่อสภาพดินเปรี้ยว และดินเค็ม', 'เป็นข้าวเจ้าชนิดไวต่อช่วงแสง ต้นสูงเฉลี่ย 140 เซนติเมตร กอตั้ง ต้นข้าวอ่อนล้มง่าย รวงข้าวค่อนข้างยาวแน่น คอรวงยาว ระแง้ถี่ ก้านรวงอ่อน เป็นข้าวเจ้าที่มีคุณภาพเมล็ดดีมาก เมล็ดข้าวสารใส แข็งแรง ทนต่อสภาพดินเปรี้ยวและดินเค็ม มีความทนแล้ง ได้ดีพอสมควร ปลูกในพื้นที่ดอน สภาพข้าวไร่ได้ ผลผลิตประมาณ 363 กิโลกรัมต่อไร่', 'ปลูกได้ทั่วทุกภาคของประเทศไทย ในพื้นที่นาน้ำฝนที่มีระดับน้ำไม่เกิน 80 เซนติเมตร ในฤดูนาปี แต่คุณภาพข้าวสุกจะนุ่มและมีกลิ่นหอมมากที่สุดเมื่อปลูกในภาคตะวันออกเฉียงเหนือ', 170, 'rice12.jpg'),
(00013, 'ชัยนาท 1 ', 00003, 'ผลผลิตสูงตอบสนองต่อการใช้ปุ๋ยไนโตรเจนดี ต้านทานโรคใบหงิก และโรคไหม้  ต้านทานเพลี้ยกระโดดสีน้ำตาล และเพลี้ยกระโดดหลังขาว มีท้องไข่น้อย', 'เป็นข้าวเจ้า สูงประมาณ 113 เซนติเมตร ไม่ไวต่อช่วงแสง	อายุเก็บเกี่ยว ประมาณ 121-130 วัน ทรงกอตั้ง ใบสีเขียว ใบธงค่อนข้างยาวตั้งตรง คอรวงสั้น รวงยาวและแน่น ระแง้ค่อนข้างถี่ ฟางแข็ง  เมล็ดข้าวเปลือกสีฟาง	ระยะพักตัวของเมล็ดประมาณ 8 สัปดาห์  คุณภาพข้าวสุก ร่วน แข็ง  ผลผลิต ประมาณ 740 กิโลกรัมต่อไร่', 'ทุกภาคในเขตชลประทาน', 130, 'rice13.jpg'),
(00014, 'สุพรรณบุรี 1 (Suphan Buri 1)', 00003, 'ผลผลิตสูง \r\nตอบสนองต่อการใช้ปุ๋ย\r\nต้านทานโรคไหม้ โรคขอบใบแห้ง และต้านทานโรคใบหงิก และโรคใบสีส้ม ในสภาพธรรมชาติ\r\nต้านทานเพลี้ยกระโดดสีน้ำตาล และเพลี้ยกระโดดหลังขาว\r\n', 'เป็นข้าวเจ้านาสวน สูงประมาณ 125 เซนติเมตร\r\nไม่ไวต่อช่วงแสง\r\nอายุเก็บเกี่ยว ประมาณ 120 วัน\r\nทรงกอตั้ง ต้นแข็งไม่ล้ม ใบสีเขียวเข้ม มีขน กาบใบและปล้องสีเขียว ใบธงยาวค่อนข้างตั้งตรง คอรวงยาว รวงค่อนข้างแน่น\r\nเมล็ดข้าวเปลือกสีฟาง	\r\nระยะพักตัวของเมล็ดประมาณ 22 วัน\r\nคุณภาพข้าวสุก ร่วน แข็ง\r\nผลผลิต ประมาณ 806 กิโลกรัมต่อไร่ \r\n', 'ทุกภาคในเขตชลประทาน', 140, 'rice14.jpg'),
(00015, 'กข31 (ปทุมธานี 80)', 00003, 'คุณภาพเมล็ดทางกายภาพสม่ำเสมอกว่าพันธุ์สุพรรณบุรี 1\r\nต้านทานต่อเพลี้ยกระโดดหลังขาว ค่อนข้างต้านทานต่อเพลี้ยกระโดดสีน้ำตาล โรคขอบใบแห้ง โรคใบจุดสีน้ำตาล และโรคเมล็ดด่าง\r\nทรงกอตั้ง ต้นแข็ง ไม่ล้มง่าย ผลผลิตสูงกว่าผลผลิตของพันธุ์สุพรรณบุรี 1 ประมาณ 5 เปอร์เซ็นต์\r\n', 'ทรงกอตั้ง ต้นแข็งไม่ล้มง่าย ใบสีเขียว กาบใบสีเขียว ใบธงตั้ง คอรวงยาว    รวงยาว 29.9 เซนติเมตร\r\nเมล็ดข้าวเปลือกสีฟาง เมล็ดไม่มีหาง ข้าวกล้องสีขาว เป็นท้องไข่น้อย รูปร่างเรียว\r\nระยะพักตัวของเมล็ดพันธุ์ประมาณ 5 สัปดาห์\r\nอายุการเก็บเกี่ยว 107-125\r\nผลผลิตเฉลี่ย 745 กิโลกรัมต่อไร่ (ปักดำ) 738 กิโลกรัมต่อไร่ (นาหว่านน้ำตม)', 'นาชลประทานภาคกลาง', 130, 'rice15.jpg'),
(00016, 'กข5', 00001, '1. อายุสั้น มีอายุวันเก็บเกี่ยว 99 วัน ในฤดูนาปรัง และ103 วันในฤดูนาปี เมื่อปลูกโดยวิธีหว่านน้ำตม\r\n2. ผลผลิตสูง เฉลี่ย 876 กิโลกรัมต่อไร่\r\n3. ค่อนข้างต้านทานต่อเพลี้ยกระโดดสีน้ำตาลในภาคเหนือตอนล่าง และโรคขอบใบแห้ง\r\n4. คุณภาพการสีดีมาก สามารถสีเป็นข้าวขาว 100 เปอร์เซ็นต์\r\n5. มีปริมาณธาตุเหล็กในข้าวกล้อง 15.7 มิลลิกรัม ต่อ 1 กิโลกรัม ในข้าวสาร 6.7 มิลลิกรัมต่อ 1 กิโลกรัม\r\n', 'กข5  เป็นข้าวเจ้าไม่ไวต่อช่วงแสง อายุเก็บเกี่ยว 103 วัน ในฤดูนาปี และ 99 วันในฤดูนาปรัง เมื่อปลูกโดยวิธีหว่านน้ำตม กอตั้ง ต้นแข็งไม่ล้มง่าย สูงเฉลี่ย 104 เซนติเมตร ใบสีเขียวเข้ม ใบธงตั้งตรง รวงแน่นปานกลาง คอรวงยาว เปลือกเมล็ดสีฟาง ข้าวกล้องสีขาว เป็นท้องไข่น้อย รูปร่างเรียว ยาว 7.34 มิลลิเมตร กว้าง 2.23 มิลลิเมตร หนา 1.80 มิลลิเมตร มีปริมาณแอมิโลสสูง (26.6-29.4%) ระยะพักตัวของเมล็ด 4-6 สัปดาห์ ผลผลิต เฉลี่ย 876 กิโลกรัม/ไร่', 'พื้นที่นาชลประทาน ', 100, 'rice16.jpg'),
(00017, 'กข6', 00001, 'อายุการเก็บเกี่ยวสั้น  95 วันเมื่อปลูกโดยวิธีหว่านน้ำตม\r\nคุณภาพของเมล็ดทางการหุงต้มรับประทาน ดี ข้าวสุกนุ่ม  มีกลิ่นหอมอ่อน\r\nค่อนข้างต้านทานต่อโรคไหม้และเพลี้ยกระโดดสีน้ำตาล\r\n', 'เป็นข้าวเจ้าไม่ไวต่อช่วงแสง สูงประมาณ 103 เซนติเมตร   \r\nอายุเก็บเกี่ยว 95 วัน\r\nทรงกอตั้ง ต้นค่อนข้างแข็ง ใบสีเขียวจาง ใบธงเอนปานกลาง  \r\nเมล็ดข้าวเปลือกสีฟาง ข้าวกล้องสีขาว  รูปร่างเรียว   \r\nระยะพักตัวของเมล็ดพันธุ์ประมาณ 5 สัปดาห์ \r\nผลผลิตประมาณ 561 กิโลกรัมต่อไร่ \r\n', 'พื้นที่นาชลประทาน ', 120, 'rice17.jpg'),
(00018, 'กข8', 00001, 'ผลผลิตสูง  มีเสถียรภาพดี\r\nค่อนข้างต้านทานเพลี้ยกระโดดสีน้ำตาลดีกว่า กข41 และค่อนข้างต้านโรคไหม้ดีกว่าพิษณุโลก 2\r\nคุณภาพเมล็ดทางกายภาพดีเป็นข้าวเจ้าเมล็ดยาวเรียว  ท้องไข่น้อย คุณภาพการสีดีถึงดีมาก  สามารถสีเป็นข้าวสาร 100 เปอร์เซ็นต์ได้\r\n', 'ไม่ไวต่อช่วงแสง\r\nอายุเก็บเกี่ยวประมาณ 90-100วัน (หว่านน้ำตม) และ 112 วัน(ปักดำ)\r\nลำต้นแข็งมาก ใบสีเขียว มุมใบธงกว้างปานกลาง รวงยาว\r\nเมล็ดข้าวเปลือกสีฟาง\r\nสีขาวนวลไม่เลื่อมมัน ค่อนข้างร่วนและแข็ง\r\nผลผลิต ประมาณ 793 กิโลกรัมต่อไร่\r\n', 'เหมาะสำหรับปลูกในพื้นที่นาชลประทาน ', 130, 'rice18.jpg'),
(00019, 'กข12 (หนองคาย 80)', 00001, 'ผลผลิตสูง  มีเสถียรภาพดี\r\nค่อนข้างต้านทานเพลี้ยกระโดดสีน้ำตาลดีกว่า กข41 และค่อนข้างต้านโรคไหม้ดีกว่าพิษณุโลก 2\r\nคุณภาพเมล็ดทางกายภาพดีเป็นข้าวเจ้าเมล็ดยาวเรียว  ท้องไข่น้อย คุณภาพการสีดีถึงดีมาก  สามารถสีเป็นข้าวสาร 100 เปอร์เซ็นต์ได้\r\n', 'ไม่ไวต่อช่วงแสง\r\nอายุเก็บเกี่ยวประมาณ 90-100วัน (หว่านน้ำตม) และ 112 วัน(ปักดำ)\r\nลำต้นแข็งมาก ใบสีเขียว มุมใบธงกว้างปานกลาง รวงยาว\r\nเมล็ดข้าวเปลือกสีฟาง\r\nสีขาวนวลไม่เลื่อมมัน ค่อนข้างร่วนและแข็ง\r\nผลผลิต ประมาณ 793 กิโลกรัมต่อไร่\r\n', 'เหมาะสำหรับปลูกในพื้นที่นาชลประทาน', 100, 'rice19.jpg'),
(00020, 'กข13', 00001, 'เป็นข้าวอายุสั้นกว่าพันธุ์ปทุมธานี 1 ประมาณ 7-9 วัน\r\nคุณภาพการหุงต้ม เป็นข้าวร่วน มีกลิ่นหอม เป็นทางเลือกของผู้บริโภคที่ชอบข้าวร่วนประเภทข้าวเสาไห้ แต่มีกลิ่นหอม\r\nต้านทานต่อเพลี้ยกระโดดสีน้ำตาลได้ดีกว่าพันธุ์ปทุมธานี 1\r\n', 'เป็นข้าวเจ้าไม่ไวต่อช่วงแสง สูงประมาณ 83 - 95 เซนติเมตร\r\nอายุเก็บเกี่ยวประมาณ 103 – 105 วัน\r\nทรงกอแบะ ใบสีเขียวเข้ม ใบธงเป็นแนวนอน รวงแน่นปานกลาง ระแง้ถี่ คอรวงยาว ต้นแข็ง ไม่ล้ม ใบค่อนข้างแก่เร็ว\r\nเมล็ดข้าวเปลือกสีฟาง\r\nระยะพักตัวของเมล็ดพันธุ์ ประมาณ 5 สัปดาห์\r\nคุณภาพข้าวสุก ร่วน มีกลิ่นหอม\r\nผลผลิต ผลผลิตเฉลี่ย 657 กิโลกรัมต่อไร่\r\n', 'แนะนำให้ปลูกในพื้นที่การทำนาเขตชลประทาน ที่มีการทำนาอย่างต่อเนื่อง\r\nในภาคเหนือตอนล่าง พื้นที่ซึ่งน้ำท่วมเร็วในฤดูฝน มีช่วงระยะเวลาการทำนาค่อนข้างจำกัดเพื่อสามารถปลูกและเก็บเกี่ยวได้ทันเวลา\r\n', 140, 'rice20.jpg'),
(00021, 'กข15', 00001, '1. อายุสั้น มีอายุวันเก็บเกี่ยว 99 วัน ในฤดูนาปรัง และ103 วันในฤดูนาปี เมื่อปลูกโดยวิธีหว่านน้ำตม\r\n2. ผลผลิตสูง เฉลี่ย 876 กิโลกรัมต่อไร่\r\n3. ค่อนข้างต้านทานต่อเพลี้ยกระโดดสีน้ำตาลในภาคเหนือตอนล่าง และโรคขอบใบแห้ง\r\n4. คุณภาพการสีดีมาก สามารถสีเป็นข้าวขาว 100 เปอร์เซ็นต์\r\n5. มีปริมาณธาตุเหล็กในข้าวกล้อง 15.7 มิลลิกรัม ต่อ 1 กิโลกรัม ในข้าวสาร 6.7 มิลลิกรัมต่อ 1 กิโลกรัม\r\n', 'กข15 เป็นข้าวเจ้าไม่ไวต่อช่วงแสง อายุเก็บเกี่ยว 103 วัน ในฤดูนาปี และ 99 วันในฤดูนาปรัง เมื่อปลูกโดยวิธีหว่านน้ำตม กอตั้ง ต้นแข็งไม่ล้มง่าย สูงเฉลี่ย 104 เซนติเมตร ใบสีเขียวเข้ม ใบธงตั้งตรง รวงแน่นปานกลาง คอรวงยาว เปลือกเมล็ดสีฟาง ข้าวกล้องสีขาว เป็นท้องไข่น้อย รูปร่างเรียว ยาว 7.34 มิลลิเมตร กว้าง 2.23 มิลลิเมตร หนา 1.80 มิลลิเมตร มีปริมาณแอมิโลสสูง (26.6-29.4%) ระยะพักตัวของเมล็ด 4-6 สัปดาห์ ผลผลิต เฉลี่ย 876 กิโลกรัม/ไร่', 'เขตชลประทาน ', 120, 'rice21.jpg'),
(00022, 'กข27', 00001, '1. อายุสั้น มีอายุวันเก็บเกี่ยว 99 วัน ในฤดูนาปรัง และ103 วันในฤดูนาปี เมื่อปลูกโดยวิธีหว่านน้ำตม\r\n2. ผลผลิตสูง เฉลี่ย 876 กิโลกรัมต่อไร่\r\n3. ค่อนข้างต้านทานต่อเพลี้ยกระโดดสีน้ำตาลในภาคเหนือตอนล่าง และโรคขอบใบแห้ง\r\n4. คุณภาพการสีดีมาก สามารถสีเป็นข้าวขาว 100 เปอร์เซ็นต์\r\n5. มีปริมาณธาตุเหล็กในข้าวกล้อง 15.7 มิลลิกรัม ต่อ 1 กิโลกรัม ในข้าวสาร 6.7 มิลลิกรัมต่อ 1 กิโลกรัม\r\n', 'กข27 เป็นข้าวเจ้าไม่ไวต่อช่วงแสง อายุเก็บเกี่ยว 103 วัน ในฤดูนาปี และ 99 วันในฤดูนาปรัง เมื่อปลูกโดยวิธีหว่านน้ำตม กอตั้ง ต้นแข็งไม่ล้มง่าย สูงเฉลี่ย 104 เซนติเมตร ใบสีเขียวเข้ม ใบธงตั้งตรง รวงแน่นปานกลาง คอรวงยาว เปลือกเมล็ดสีฟาง ข้าวกล้องสีขาว เป็นท้องไข่น้อย รูปร่างเรียว ยาว 7.34 มิลลิเมตร กว้าง 2.23 มิลลิเมตร หนา 1.80 มิลลิเมตร มีปริมาณแอมิโลสสูง (26.6-29.4%) ระยะพักตัวของเมล็ด 4-6 สัปดาห์ ผลผลิต เฉลี่ย 876 กิโลกรัม/ไร่', 'เหมาะสำหรับปลูกในพื้นที่นาชลประทาน ภาคเหนือตอนล่าง ', 130, 'rice22.jpg'),
(00023, 'กข35', 00001, 'อายุการเก็บเกี่ยวสั้น  95 วันเมื่อปลูกโดยวิธีหว่านน้ำตม\r\nคุณภาพของเมล็ดทางการหุงต้มรับประทาน ดี ข้าวสุกนุ่ม  มีกลิ่นหอมอ่อน\r\nค่อนข้างต้านทานต่อโรคไหม้และเพลี้ยกระโดดสีน้ำตาล\r\n', 'เป็นข้าวเจ้าไม่ไวต่อช่วงแสง สูงประมาณ 103 เซนติเมตร   \r\nอายุเก็บเกี่ยว 95 วัน\r\nทรงกอตั้ง ต้นค่อนข้างแข็ง ใบสีเขียวจาง ใบธงเอนปานกลาง  \r\nเมล็ดข้าวเปลือกสีฟาง ข้าวกล้องสีขาว  รูปร่างเรียว   \r\nระยะพักตัวของเมล็ดพันธุ์ประมาณ 5 สัปดาห์ \r\nผลผลิตประมาณ 561 กิโลกรัมต่อไร่ \r\n', 'พื้นที่นาชลประทาน', 130, 'rice23.jpg'),
(00024, 'กำผาย 15', 00001, 'ผลผลิตสูง  มีเสถียรภาพดี\r\nค่อนข้างต้านทานเพลี้ยกระโดดสีน้ำตาลดีกว่า กข41 และค่อนข้างต้านโรคไหม้ดีกว่าพิษณุโลก 2\r\nคุณภาพเมล็ดทางกายภาพดีเป็นข้าวเจ้าเมล็ดยาวเรียว  ท้องไข่น้อย คุณภาพการสีดีถึงดีมาก  สามารถสีเป็นข้าวสาร 100 เปอร์เซ็นต์ได้\r\n', 'ไม่ไวต่อช่วงแสง\r\nอายุเก็บเกี่ยวประมาณ 90-100วัน (หว่านน้ำตม) และ 112 วัน(ปักดำ)\r\nลำต้นแข็งมาก ใบสีเขียว มุมใบธงกว้างปานกลาง รวงยาว\r\nเมล็ดข้าวเปลือกสีฟาง\r\nสีขาวนวลไม่เลื่อมมัน ค่อนข้างร่วนและแข็ง\r\nผลผลิต ประมาณ 793 กิโลกรัมต่อไร่\r\n', 'เหมาะสำหรับปลูกในพื้นที่นาชลประทาน ภาคเหนือตอนล่าง ', 100, 'rice24.jpg'),
(00025, 'เก้ารวง 88', 00001, 'ผลผลิตสูง (ศักยภาพการให้ผลผลิตสูงถึง 939 กก./ไร่)สามารถผลิตเป็นข้าว 100 เปอร์เซ็นต์ ชั้น 1 ได้ค่อนข้างต้านทานเพลี้ยกระโดดสีน้ำตาลชีวชนิดใหม่ต้านทานโรคไหม้\r\n\r\n', 'ข้าวเจ้านาสวน ไม่ไวต่อช่วงแสง\r\nต้นสูงประมาณ 80-89 เซนติเมตร  \r\nอายุเก็บเกี่ยว 102-107 วัน (หว่านน้ำตม) \r\nทรงกอตั้ง ใบสีเขียวเข้ม ใบธงตั้ง รวงแน่นปานกลาง ระแง้ถี่ คอรวงสั้น ฟางแข็ง\r\nเมล็ดข้าวเปลือกสีฟาง\r\nผลผลิตเฉลี่ย 733 กก./ไร่\r\n', 'พื้นที่นาชลประทาน', 120, 'rice25.jpg'),
(00026, 'ขาวตาแห้ง 17', 00001, 'เป็นข้าวอายุสั้นกว่าพันธุ์ปทุมธานี 1 ประมาณ 7-9 วัน\r\nคุณภาพการหุงต้ม เป็นข้าวร่วน มีกลิ่นหอม เป็นทางเลือกของผู้บริโภคที่ชอบข้าวร่วนประเภทข้าวเสาไห้ แต่มีกลิ่นหอม\r\nต้านทานต่อเพลี้ยกระโดดสีน้ำตาลได้ดีกว่าพันธุ์ปทุมธานี 1\r\n', 'เป็นข้าวเจ้าไม่ไวต่อช่วงแสง สูงประมาณ 83 - 95 เซนติเมตร\r\nอายุเก็บเกี่ยวประมาณ 103 – 105 วัน\r\nทรงกอแบะ ใบสีเขียวเข้ม ใบธงเป็นแนวนอน รวงแน่นปานกลาง ระแง้ถี่ คอรวงยาว ต้นแข็ง ไม่ล้ม ใบค่อนข้างแก่เร็ว\r\nเมล็ดข้าวเปลือกสีฟาง\r\nระยะพักตัวของเมล็ดพันธุ์ ประมาณ 5 สัปดาห์\r\nคุณภาพข้าวสุก ร่วน มีกลิ่นหอม\r\nผลผลิต ผลผลิตเฉลี่ย 657 กิโลกรัมต่อไร่\r\n', 'แนะนำให้ปลูกในพื้นที่การทำนาเขตชลประทาน ที่มีการทำนาอย่างต่อเนื่อง\r\nในภาคเหนือตอนล่าง พื้นที่ซึ่งน้ำท่วมเร็วในฤดูฝน มีช่วงระยะเวลาการทำนาค่อนข้างจำกัดเพื่อสามารถปลูกและเก็บเกี่ยวได้ทันเวลา\r\n', 130, 'rice26.jpg'),
(00027, 'ขาวปากหม้อ 148', 00002, '1. อายุสั้น มีอายุวันเก็บเกี่ยว 99 วัน ในฤดูนาปรัง และ103 วันในฤดูนาปี เมื่อปลูกโดยวิธีหว่านน้ำตม\r\n2. ผลผลิตสูง เฉลี่ย 876 กิโลกรัมต่อไร่\r\n3. ค่อนข้างต้านทานต่อเพลี้ยกระโดดสีน้ำตาลในภาคเหนือตอนล่าง และโรคขอบใบแห้ง\r\n4. คุณภาพการสีดีมาก สามารถสีเป็นข้าวขาว 100 เปอร์เซ็นต์\r\n5. มีปริมาณธาตุเหล็กในข้าวกล้อง 15.7 มิลลิกรัม ต่อ 1 กิโลกรัม ในข้าวสาร 6.7 มิลลิกรัมต่อ 1 กิโลกรัม\r\n', 'ขาวปากหม้อ 148 เป็นข้าวเจ้าไม่ไวต่อช่วงแสง อายุเก็บเกี่ยว 103 วัน ในฤดูนาปี และ 99 วันในฤดูนาปรัง เมื่อปลูกโดยวิธีหว่านน้ำตม กอตั้ง ต้นแข็งไม่ล้มง่าย สูงเฉลี่ย 104 เซนติเมตร ใบสีเขียวเข้ม ใบธงตั้งตรง รวงแน่นปานกลาง คอรวงยาว เปลือกเมล็ดสีฟาง ข้าวกล้องสีขาว เป็นท้องไข่น้อย รูปร่างเรียว ยาว 7.34 มิลลิเมตร กว้าง 2.23 มิลลิเมตร หนา 1.80 มิลลิเมตร มีปริมาณแอมิโลสสูง (26.6-29.4%) ระยะพักตัวของเมล็ด 4-6 สัปดาห์ ผลผลิต เฉลี่ย 876 กิโลกรัม/ไร่', 'พื้นที่นาชลประทาน ภาคเหนือตอนล่างและภาคกลางตอนบน ที่ต้องการข้าวอายุสั้น โดยเริ่มปลูกในเดือนสิงหาคม ธันวาคม และเมษายน หรือสำหรับปลูกหลังถูกน้ำท่วมในฤดูฝนและสามารถปลูกและเก็บเกี่ยวได้ 2 ครั้งในฤดูนาปรังก่อนถูกน้ำท่วม', 130, 'rice1.jpg'),
(00028, 'เฉี้ยงพัทลุง', 00002, 'ผลผลิตสูง  มีเสถียรภาพดี ให้ผลผลิตเฉลี่ย 722 กก./ไร่   สูงกว่าสุพรรณบุรี 1  (645 กก./ไร่)  และชัยนาท 1 (640 กก./ไร่)  คิดเป็นร้อยละ 12  และ 13 ตามลำดับ แต่ไม่แตกต่างจากพิษณุโลก 2 (719 กก./ไร่)\r\nค่อนข้างต้านทานเพลี้ยกระโดดสีน้ำตาล และโรคไหม้ \r\nคุณภาพเมล็ดทางกายภาพดีเป็นข้าวเจ้าเมล็ดยาวเรียว  ท้องไข่น้อย คุณภาพการสีดี  สามารถสีเป็นข้าวสาร 100 เปอร์เซ็นต์ได้ \r\n', 'เป็นข้าวเจ้าไม่ไวต่อช่วงแสง ความสูงประมาณ 104 เซนติเมตร   \r\nอายุเก็บเกี่ยว 105 วัน\r\nกอตั้ง ต้นแข็ง ใบและกาบใบสีเขียว ใบธงตั้งตรง คอรวงโผล่พ้นจากกาบใบธงเล็กน้อย ยอดเกสรตัวเมียสีขาว  \r\nเมล็ดข้าวเปลือกสีฟาง เปลือกเมล็ดมีขนสั้น  รูปร่างเรียว   \r\nคุณภาพการสีดีได้ข้าวเต็มเมล็ด\r\nระยะพักตัวของเมล็ดพันธุ์ประมาณ 9-10 สัปดาห์\r\nผลผลิตประมาณ 722 กิโลกรัมต่อไร่่ \r\n', 'เหมาะสำหรับปลูกในพื้นที่นาชลประทาน ภาคเหนือตอนล่าง สำหรับเป็นทางเลือกของเกษตรกรในการป้องกันการแพร่ระบาดของเพลี้ยกระโดดสีน้ำตาล   ', 120, 'rice2.jpg'),
(00029, 'ชุมแพ 60', 00002, 'ผลผลิตสูง คุณภาพเมล็ดดี  คุณภาพการสีดี  ตอบสนองต่อปุ๋ยสูง  ต้านทานโรคใบสีส้ม และโรคไหม้  ต้านทานเพลี้ยกระโดดสีน้ำตาล เพลี้ยจักจั่นสีเขียว   พื้นที่แนะนำ: เขตชลประทานภาคกลาง ภาคตะวันตก และภาคตะวันออก', 'เป็นข้าวเจ้า สูงประมาณ 133 เซนติเมตร  ไม่ไวต่อช่วงแสง  อายุเก็บเกี่ยว ประมาณ 120-122 วัน ใบสีเขียวเข้ม ทรงกอตั้ง รวงแน่น ระแง้ถี่ คอรวงสั้น เมล็ดรูปร่างเรียว ยาว ท้องไข่น้อย  เมล็ดข้าวเปลือกสีฟาง  ระยะพักตัวของเมล็ดประมาณ 4 สัปดาห์คุณภาพข้าวสุก ร่วน นุ่ม  ผลผลิต:   ประมาณ 700 กิโลกรัมต่อไร่', 'เหมาะสำหรับปลูกในพื้นที่นาชลประทาน', 100, 'rice3.jpg');
INSERT INTO `rice` (`id`, `ricename`, `categoryid`, `remarkable`, `general`, `area`, `price`, `img`) VALUES
(00030, 'นางพญา 132', 00002, 'ผลผลิตสูง\r\nคุณภาพเมล็ดคล้ายพันธุ์ข้าวดอกมะลิ 105\r\nต้านทานเพลี้ยกระโดดสีน้ำตาล และเพลี้ยกระโดดหลังขาว\r\nต้านทานโรคไหม้ และโรคขอบใบแห้ง\r\n', 'เป็นข้าวเจ้า สูงประมาณ 104-133 เซนติเมตร\r\nไม่ไวต่อช่วงแสง\r\nอายุเก็บเกี่ยว ประมาณ 104-126 วัน\r\nทรงกอตั้ง ใบสีเขียวมีขน กาบใบและปล้องสีเขียว ใบธงยาว ทำมุม 45o กับคอรวง รวงอยู่ใต้ใบธง\r\nเมล็ดข้าวเปลือกสีฟาง มีขน มีหางเล็กน้อย\r\nระยะพักตัวของเมล็ดประมาณ 3-4 สัปดาห์ \r\nผลผลิตประมาณ 650-774 กิโลกรัมต่อไร่\r\n', 'เขตชลประทานในภาคกลาง', 140, 'rice4.jpg'),
(00031, 'นางมล เอส-4', 00002, 'ต้านทานเพลี้ยกระโดดสีน้ำตาล ดีกว่าพันธุ์สุพรรณบุรี 1\r\nต้านทานโรคไหม้และโรคขอบใบแห้ง	\r\nให้ผลผลิตสูงใกล้เคียงกับพันธุ์สุพรรณบุรี 1\r\n', 'เป็นข้าวเจ้า สูงประมาณ 114 เซนติเมตร \r\nไม่ไวต่อช่วงแสง \r\nอายุเก็บเกี่ยว 115 - 120 วัน \r\nลักษณะทรงกอตั้ง ต้นแข็ง ใบสีเขียว ใบธงค่อนข้างตั้ง \r\nเมล็ดข้าวเปลือกสีฟาง \r\nระยะพักตัวของเมล็ดพันธุ์ ประมาณ 5 สัปดาห์\r\nคุณภาพข้าวสุก ร่วน แข็ง ประเภทข้าวเสาไห้\r\nผลผลิต:  ประมาณ 772 กิโลกรัมต่อไร่	\r\n', 'นาชลประทานภาคกลางที่ทำนาต่อเนื่อง และพื้นที่ที่มีปัญหาการระบาดของเพลี้ยกระโดดสีน้ำตาล', 120, 'rice5.jpg'),
(00032, 'น้ำสะกุย 19', 00002, 'ผลผลิตสูง และมีเสถียรภาพในการให้ผลผลิต \r\nต้านทานเพลี้ยกระโดดสีน้ำตาล เพลี้ยกระโดดหลังขาว และเพลี้ยจักจั่นสีเขียว\r\nคุณภาพการสีดี ท้องไข่น้อย\r\n', 'เป็นข้าวเจ้า สูงประมาณ 114 เซนติเมตร\r\nไม่ไวต่อช่วงแสง\r\nอายุเก็บเกี่ยว 119-121 วัน\r\nทรงกอตั้ง ใบสีเขียวเข้ม ใบธงตั้ง รวงแน่นปานกลาง ระแง้ค่อนข้างถี่ คอรวงสั้น ฟางแข็ง ใบแก่ช้า\r\nเมล็ดข้าวเปลือกสีฟาง\r\nระยะพักตัวของเมล็ดประมาณ 8 สัปดาห์\r\nคุณภาพข้าวสุก ร่วน แข็ง\r\nผลผลิตประมาณ 807 กิโลกรัมต่อไร่\r\n', 'ทุกภาคในเขตชลประทาน', 140, 'rice6.jpg'),
(00033, 'เผือกน้ำ 43', 00002, 'ผลผลิตสูง\r\nคุณภาพเมล็ดคล้ายพันธุ์ข้าวดอกมะลิ 105\r\nต้านทานเพลี้ยกระโดดสีน้ำตาล และเพลี้ยกระโดดหลังขาว\r\nต้านทานโรคไหม้ และโรคขอบใบแห้ง\r\n', 'เป็นข้าวเจ้า สูงประมาณ 104-133 เซนติเมตร\r\nไม่ไวต่อช่วงแสง\r\nอายุเก็บเกี่ยว ประมาณ 104-126 วัน\r\nทรงกอตั้ง ใบสีเขียวมีขน กาบใบและปล้องสีเขียว ใบธงยาว ทำมุม 45o กับคอรวง รวงอยู่ใต้ใบธง\r\nเมล็ดข้าวเปลือกสีฟาง มีขน มีหางเล็กน้อย\r\nระยะพักตัวของเมล็ดประมาณ 3-4 สัปดาห์ \r\nผลผลิตประมาณ 650-774 กิโลกรัมต่อไร่\r\n', 'เขตชลประทานในภาคกลาง', 120, 'rice7.jpg'),
(00034, 'ปทุมธานี 60', 00002, 'ผลผลิตสูง และมีเสถียรภาพในการให้ผลผลิต \r\nต้านทานเพลี้ยกระโดดสีน้ำตาล เพลี้ยกระโดดหลังขาว และเพลี้ยจักจั่นสีเขียว\r\nคุณภาพการสีดี ท้องไข่น้อย\r\n', 'เป็นข้าวเจ้า สูงประมาณ 114 เซนติเมตร\r\nไม่ไวต่อช่วงแสง	\r\nอายุเก็บเกี่ยว 119-121 วัน\r\nทรงกอตั้ง ใบสีเขียวเข้ม ใบธงตั้ง รวงแน่นปานกลาง ระแง้ค่อนข้างถี่ คอรวงสั้น ฟางแข็ง ใบแก่ช้า\r\nเมล็ดข้าวเปลือกสีฟาง\r\nระยะพักตัวของเมล็ดประมาณ 8 สัปดาห์\r\nคุณภาพข้าวสุก ร่วน แข็ง\r\nผลผลิตประมาณ 807 กิโลกรัมต่อไร่\r\n', 'ทุกภาคในเขตชลประทาน', 110, 'rice21.jpg'),
(00035, 'พวงไร่ 2', 00002, 'ผลผลิตสูง  มีเสถียรภาพดี ให้ผลผลิตเฉลี่ย 722 กก./ไร่   สูงกว่าสุพรรณบุรี 1  (645 กก./ไร่)  และชัยนาท 1 (640 กก./ไร่)  คิดเป็นร้อยละ 12  และ 13 ตามลำดับ แต่ไม่แตกต่างจากพิษณุโลก 2 (719 กก./ไร่)\r\nค่อนข้างต้านทานเพลี้ยกระโดดสีน้ำตาล และโรคไหม้ \r\nคุณภาพเมล็ดทางกายภาพดีเป็นข้าวเจ้าเมล็ดยาวเรียว  ท้องไข่น้อย คุณภาพการสีดี  สามารถสีเป็นข้าวสาร 100 เปอร์เซ็นต์ได้ \r\n', 'เป็นข้าวเจ้าไม่ไวต่อช่วงแสง ความสูงประมาณ 104 เซนติเมตร   \r\nอายุเก็บเกี่ยว 105 วัน\r\nกอตั้ง ต้นแข็ง ใบและกาบใบสีเขียว ใบธงตั้งตรง คอรวงโผล่พ้นจากกาบใบธงเล็กน้อย ยอดเกสรตัวเมียสีขาว  \r\nเมล็ดข้าวเปลือกสีฟาง เปลือกเมล็ดมีขนสั้น  รูปร่างเรียว   \r\nคุณภาพการสีดีได้ข้าวเต็มเมล็ด\r\nระยะพักตัวของเมล็ดพันธุ์ประมาณ 9-10 สัปดาห์\r\nผลผลิตประมาณ 722 กิโลกรัมต่อไร่่ \r\n', 'เหมาะสำหรับปลูกในพื้นที่นาชลประทาน ', 100, 'rice11.jpg'),
(00036, 'พัทลุง 60', 00002, 'ผลผลิตสูง คุณภาพเมล็ดดี  คุณภาพการสีดี  ตอบสนองต่อปุ๋ยสูง  ต้านทานโรคใบสีส้ม และโรคไหม้  ต้านทานเพลี้ยกระโดดสีน้ำตาล เพลี้ยจักจั่นสีเขียว  ', 'เป็นข้าวเจ้า สูงประมาณ 133 เซนติเมตร  ไม่ไวต่อช่วงแสง  อายุเก็บเกี่ยว ประมาณ 120-122 วัน ใบสีเขียวเข้ม ทรงกอตั้ง รวงแน่น ระแง้ถี่ คอรวงสั้น เมล็ดรูปร่างเรียว ยาว ท้องไข่น้อย  เมล็ดข้าวเปลือกสีฟาง  ระยะพักตัวของเมล็ดประมาณ 4 สัปดาห์คุณภาพข้าวสุก ร่วน นุ่ม  ผลผลิตประมาณ 700 กิโลกรัมต่อไร่', 'เขตชลประทานภาคกลาง ภาคตะวันตก และภาคตะวันออก', 140, 'rice10.jpg'),
(00037, 'พิษณุโลก 3', 00002, 'ผลผลิตสูง\r\nคุณภาพเมล็ดคล้ายพันธุ์ข้าวดอกมะลิ 105\r\nต้านทานเพลี้ยกระโดดสีน้ำตาล และเพลี้ยกระโดดหลังขาว\r\nต้านทานโรคไหม้ และโรคขอบใบแห้ง\r\n', 'เป็นข้าวเจ้า สูงประมาณ 104-133 เซนติเมตร\r\nไม่ไวต่อช่วงแสง\r\nอายุเก็บเกี่ยว ประมาณ 104-126 วัน\r\nทรงกอตั้ง ใบสีเขียวมีขน กาบใบและปล้องสีเขียว ใบธงยาว ทำมุม 450 กับคอรวง รวงอยู่ใต้ใบธง\r\nเมล็ดข้าวเปลือกสีฟาง มีขน มีหางเล็กน้อย\r\nระยะพักตัวของเมล็ดประมาณ 3-4 สัปดาห์ \r\nผลผลิตประมาณ 650-774 กิโลกรัมต่อไร่\r\n', 'เขตชลประทานในภาคกลาง', 120, 'rice11.jpg'),
(00038, 'ลูกแดงปัตตานี', 00003, '1. เหมาะกับการบริโภค หุงแล้วข้าวสุกมีกลิ่นหอม และอ่อนนุ่ม 2. ทนแล้งได้ดีพอสมควร 3. เมล็ดข้าวสารใส แกร่ง คุณภาพการสีดี 4. ทนต่อสภาพดินเปรี้ยว และดินเค็ม', 'เป็นข้าวเจ้าชนิดไวต่อช่วงแสง ต้นสูงเฉลี่ย 140 เซนติเมตร กอตั้ง ต้นข้าวอ่อนล้มง่าย รวงข้าวค่อนข้างยาวแน่น คอรวงยาว ระแง้ถี่ ก้านรวงอ่อน เป็นข้าวเจ้าที่มีคุณภาพเมล็ดดีมาก เมล็ดข้าวสารใส แข็งแรง ทนต่อสภาพดินเปรี้ยวและดินเค็ม มีความทนแล้ง ได้ดีพอสมควร ปลูกในพื้นที่ดอน สภาพข้าวไร่ได้ ผลผลิตประมาณ 363 กิโลกรัมต่อไร่', 'ปลูกได้ทั่วทุกภาคของประเทศไทย ในพื้นที่นาน้ำฝนที่มีระดับน้ำไม่เกิน 80 เซนติเมตร ในฤดูนาปี แต่คุณภาพข้าวสุกจะนุ่มและมีกลิ่นหอมมากที่สุดเมื่อปลูกในภาคตะวันออกเฉียงเหนือ', 120, 'rice12.jpg'),
(00039, 'เล็บนกปัตตานี', 00003, 'ผลผลิตสูงตอบสนองต่อการใช้ปุ๋ยไนโตรเจนดี ต้านทานโรคใบหงิก และโรคไหม้  ต้านทานเพลี้ยกระโดดสีน้ำตาล และเพลี้ยกระโดดหลังขาว มีท้องไข่น้อย', 'เป็นข้าวเจ้า สูงประมาณ 113 เซนติเมตร ไม่ไวต่อช่วงแสง	อายุเก็บเกี่ยว ประมาณ 121-130 วัน ทรงกอตั้ง ใบสีเขียว ใบธงค่อนข้างยาวตั้งตรง คอรวงสั้น รวงยาวและแน่น ระแง้ค่อนข้างถี่ ฟางแข็ง  เมล็ดข้าวเปลือกสีฟาง	ระยะพักตัวของเมล็ดประมาณ 8 สัปดาห์  คุณภาพข้าวสุก ร่วน แข็ง     ผลผลิตประมาณ 740 กิโลกรัมต่อไร่', 'ทุกภาคในเขตชลประทาน', 120, 'rice13.jpg'),
(00040, 'หางยี 71', 00003, 'ผลผลิตสูง \r\nตอบสนองต่อการใช้ปุ๋ย\r\nต้านทานโรคไหม้ โรคขอบใบแห้ง และต้านทานโรคใบหงิก และโรคใบสีส้ม ในสภาพธรรมชาติ\r\nต้านทานเพลี้ยกระโดดสีน้ำตาล และเพลี้ยกระโดดหลังขาว\r\n', 'เป็นข้าวเจ้านาสวน สูงประมาณ 125 เซนติเมตร\r\nไม่ไวต่อช่วงแสง\r\nอายุเก็บเกี่ยว ประมาณ 120 วัน\r\nทรงกอตั้ง ต้นแข็งไม่ล้ม ใบสีเขียวเข้ม มีขน กาบใบและปล้องสีเขียว ใบธงยาวค่อนข้างตั้งตรง คอรวงยาว รวงค่อนข้างแน่น\r\nเมล็ดข้าวเปลือกสีฟาง\r\nระยะพักตัวของเมล็ดประมาณ 22 วัน\r\nคุณภาพข้าวสุก ร่วน แข็ง\r\nผลผลิตประมาณ 806 กิโลกรัมต่อไร่ \r\n', 'ทุกภาคในเขตชลประทาน', 110, 'rice14.jpg'),
(00041, 'เหมยนอง 62 เอ็ม', 00003, 'คุณภาพเมล็ดทางกายภาพสม่ำเสมอกว่าพันธุ์สุพรรณบุรี 1\r\nต้านทานต่อเพลี้ยกระโดดหลังขาว ค่อนข้างต้านทานต่อเพลี้ยกระโดดสีน้ำตาล โรคขอบใบแห้ง โรคใบจุดสีน้ำตาล และโรคเมล็ดด่าง\r\nทรงกอตั้ง ต้นแข็ง ไม่ล้มง่าย ผลผลิตสูงกว่าผลผลิตของพันธุ์สุพรรณบุรี 1 ประมาณ 5 เปอร์เซ็นต์\r\n', 'ทรงกอตั้ง ต้นแข็งไม่ล้มง่าย ใบสีเขียว กาบใบสีเขียว ใบธงตั้ง คอรวงยาว    รวงยาว 29.9 เซนติเมตร\r\nเมล็ดข้าวเปลือกสีฟาง เมล็ดไม่มีหาง ข้าวกล้องสีขาว เป็นท้องไข่น้อย รูปร่างเรียว\r\nระยะพักตัวของเมล็ดพันธุ์ประมาณ 5 สัปดาห์\r\nอายุการเก็บเกี่ยว 107-125\r\nผลผลิตเฉลี่ย 745 กิโลกรัมต่อไร่ (ปักดำ) 738 กิโลกรัมต่อไร่ (นาหว่านน้ำตม)\r\n', 'นาชลประทานภาคกลาง', 120, 'rice15.jpg'),
(00042, 'เหนียวสันป่าตอง', 00003, '1. เหมาะกับการบริโภค หุงแล้วข้าวสุกมีกลิ่นหอม และอ่อนนุ่ม 2. ทนแล้งได้ดีพอสมควร 3. เมล็ดข้าวสารใส แกร่ง คุณภาพการสีดี 4. ทนต่อสภาพดินเปรี้ยว และดินเค็ม', 'เป็นข้าวเจ้าชนิดไวต่อช่วงแสง ต้นสูงเฉลี่ย 140 เซนติเมตร กอตั้ง ต้นข้าวอ่อนล้มง่าย รวงข้าวค่อนข้างยาวแน่น คอรวงยาว ระแง้ถี่ ก้านรวงอ่อน เป็นข้าวเจ้าที่มีคุณภาพเมล็ดดีมาก เมล็ดข้าวสารใส แข็งแรง ทนต่อสภาพดินเปรี้ยวและดินเค็ม มีความทนแล้ง ได้ดีพอสมควร ปลูกในพื้นที่ดอน สภาพข้าวไร่ได้ ผลผลิตประมาณ 363 กิโลกรัมต่อไร่', 'ปลูกได้ทั่วทุกภาคของประเทศไทย ในพื้นที่นาน้ำฝนที่มีระดับน้ำไม่เกิน 80 เซนติเมตร ในฤดูนาปี แต่คุณภาพข้าวสุกจะนุ่มและมีกลิ่นหอมมากที่สุดเมื่อปลูกในภาคตะวันออกเฉียงเหนือ', 130, 'rice16.jpg'),
(00043, 'เหนียวอุบล 1', 00003, 'ผลผลิตสูงตอบสนองต่อการใช้ปุ๋ยไนโตรเจนดี ต้านทานโรคใบหงิก และโรคไหม้  ต้านทานเพลี้ยกระโดดสีน้ำตาล และเพลี้ยกระโดดหลังขาว มีท้องไข่น้อย', 'เป็นข้าวเจ้า สูงประมาณ 113 เซนติเมตร ไม่ไวต่อช่วงแสง	อายุเก็บเกี่ยว ประมาณ 121-130 วัน ทรงกอตั้ง ใบสีเขียว ใบธงค่อนข้างยาวตั้งตรง คอรวงสั้น รวงยาวและแน่น ระแง้ค่อนข้างถี่ ฟางแข็ง  เมล็ดข้าวเปลือกสีฟาง	ระยะพักตัวของเมล็ดประมาณ 8 สัปดาห์  คุณภาพข้าวสุก ร่วน แข็ง     ผลผลิตประมาณ 740 กิโลกรัมต่อไร่', 'ทุกภาคในเขตชลประทาน', 100, 'rice17.jpg'),
(00044, 'เหนียวอุบล 2', 00003, 'ผลผลิตสูง \r\nตอบสนองต่อการใช้ปุ๋ย\r\nต้านทานโรคไหม้ โรคขอบใบแห้ง และต้านทานโรคใบหงิก และโรคใบสีส้ม ในสภาพธรรมชาติ\r\nต้านทานเพลี้ยกระโดดสีน้ำตาล และเพลี้ยกระโดดหลังขาว', 'เป็นข้าวเจ้านาสวน สูงประมาณ 125 เซนติเมตร\r\nไม่ไวต่อช่วงแสง\r\nอายุเก็บเกี่ยว ประมาณ 120 วัน\r\nทรงกอตั้ง ต้นแข็งไม่ล้ม ใบสีเขียวเข้ม มีขน กาบใบและปล้องสีเขียว ใบธงยาวค่อนข้างตั้งตรง คอรวงยาว รวงค่อนข้างแน่น\r\nเมล็ดข้าวเปลือกสีฟาง\r\nระยะพักตัวของเมล็ดประมาณ 22 วัน\r\nคุณภาพข้าวสุก ร่วน แข็ง\r\nผลผลิตประมาณ 806 กิโลกรัมต่อไร่ \r\n\r\n', 'ทุกภาคในเขตชลประทาน', 140, 'rice18.jpg'),
(00045, 'เหลืองประทิว 123', 00003, 'คุณภาพเมล็ดทางกายภาพสม่ำเสมอกว่าพันธุ์สุพรรณบุรี 1\r\nต้านทานต่อเพลี้ยกระโดดหลังขาว ค่อนข้างต้านทานต่อเพลี้ยกระโดดสีน้ำตาล โรคขอบใบแห้ง โรคใบจุดสีน้ำตาล และโรคเมล็ดด่าง\r\nทรงกอตั้ง ต้นแข็ง ไม่ล้มง่าย ผลผลิตสูงกว่าผลผลิตของพันธุ์สุพรรณบุรี 1 ประมาณ 5 เปอร์เซ็นต์\r\n', 'ทรงกอตั้ง ต้นแข็งไม่ล้มง่าย ใบสีเขียว กาบใบสีเขียว ใบธงตั้ง คอรวงยาว    รวงยาว 29.9 เซนติเมตร\r\nเมล็ดข้าวเปลือกสีฟาง เมล็ดไม่มีหาง ข้าวกล้องสีขาว เป็นท้องไข่น้อย รูปร่างเรียว\r\nระยะพักตัวของเมล็ดพันธุ์ประมาณ 5 สัปดาห์\r\nอายุการเก็บเกี่ยว 107-125\r\nผลผลิตเฉลี่ย 745 กิโลกรัมต่อไร่ (ปักดำ) 738 กิโลกรัมต่อไร่ (นาหว่านน้ำตม)\r\n', 'นาชลประทานภาคกลาง', 110, 'rice19.jpg'),
(00046, 'เหลืองใหญ่ 148', 00003, '1. เหมาะกับการบริโภค หุงแล้วข้าวสุกมีกลิ่นหอม และอ่อนนุ่ม 2. ทนแล้งได้ดีพอสมควร 3. เมล็ดข้าวสารใส แกร่ง คุณภาพการสีดี 4. ทนต่อสภาพดินเปรี้ยว และดินเค็ม', 'เป็นข้าวเจ้าชนิดไวต่อช่วงแสง ต้นสูงเฉลี่ย 140 เซนติเมตร กอตั้ง ต้นข้าวอ่อนล้มง่าย รวงข้าวค่อนข้างยาวแน่น คอรวงยาว ระแง้ถี่ ก้านรวงอ่อน เป็นข้าวเจ้าที่มีคุณภาพเมล็ดดีมาก เมล็ดข้าวสารใส แข็งแรง ทนต่อสภาพดินเปรี้ยวและดินเค็ม มีความทนแล้ง ได้ดีพอสมควร ปลูกในพื้นที่ดอน สภาพข้าวไร่ได้ ผลผลิตประมาณ 363 กิโลกรัมต่อไร่', 'ปลูกได้ทั่วทุกภาคของประเทศไทย ในพื้นที่นาน้ำฝนที่มีระดับน้ำไม่เกิน 80 เซนติเมตร ในฤดูนาปี แต่คุณภาพข้าวสุกจะนุ่มและมีกลิ่นหอมมากที่สุดเมื่อปลูกในภาคตะวันออกเฉียงเหนือ', 130, 'rice20.jpg'),
(00047, 'เข็มทองพัทลุง', 00003, '1. เหมาะกับการบริโภค หุงแล้วข้าวสุกมีกลิ่นหอม และอ่อนนุ่ม 2. ทนแล้งได้ดีพอสมควร 3. เมล็ดข้าวสารใส แกร่ง คุณภาพการสีดี 4. ทนต่อสภาพดินเปรี้ยว และดินเค็ม', 'เป็นข้าวเจ้าชนิดไวต่อช่วงแสง ต้นสูงเฉลี่ย 140 เซนติเมตร กอตั้ง ต้นข้าวอ่อนล้มง่าย รวงข้าวค่อนข้างยาวแน่น คอรวงยาว ระแง้ถี่ ก้านรวงอ่อน เป็นข้าวเจ้าที่มีคุณภาพเมล็ดดีมาก เมล็ดข้าวสารใส แข็งแรง ทนต่อสภาพดินเปรี้ยวและดินเค็ม มีความทนแล้ง ได้ดีพอสมควร ปลูกในพื้นที่ดอน สภาพข้าวไร่ได้ ผลผลิตประมาณ 363 กิโลกรัมต่อไร่', 'ปลูกได้ทั่วทุกภาคของประเทศไทย ในพื้นที่นาน้ำฝนที่มีระดับน้ำไม่เกิน 80 เซนติเมตร ในฤดูนาปี แต่คุณภาพข้าวสุกจะนุ่มและมีกลิ่นหอมมากที่สุดเมื่อปลูกในภาคตะวันออกเฉียงเหนือ', 120, 'rice21.jpg'),
(00048, 'ข้าวหลวงสันป่าตอง', 00003, 'ผลผลิตสูงตอบสนองต่อการใช้ปุ๋ยไนโตรเจนดี ต้านทานโรคใบหงิก และโรคไหม้  ต้านทานเพลี้ยกระโดดสีน้ำตาล และเพลี้ยกระโดดหลังขาว มีท้องไข่น้อย', 'เป็นข้าวเจ้า สูงประมาณ 113 เซนติเมตร ไม่ไวต่อช่วงแสง	อายุเก็บเกี่ยว ประมาณ 121-130 วัน ทรงกอตั้ง ใบสีเขียว ใบธงค่อนข้างยาวตั้งตรง คอรวงสั้น รวงยาวและแน่น ระแง้ค่อนข้างถี่ ฟางแข็ง  เมล็ดข้าวเปลือกสีฟาง	ระยะพักตัวของเมล็ดประมาณ 8 สัปดาห์  คุณภาพข้าวสุก ร่วน แข็ง     ผลผลิตประมาณ 740 กิโลกรัมต่อไร่', 'ทุกภาคในเขตชลประทาน', 150, 'rice22.jpg'),
(00049, 'แก่นจันทร์', 00003, 'ผลผลิตสูงตอบสนองต่อการใช้ปุ๋ยไนโตรเจนดี ต้านทานโรคใบหงิก และโรคไหม้  ต้านทานเพลี้ยกระโดดสีน้ำตาล และเพลี้ยกระโดดหลังขาว มีท้องไข่น้อย', 'เป็นข้าวเจ้า สูงประมาณ 113 เซนติเมตร ไม่ไวต่อช่วงแสง	อายุเก็บเกี่ยว ประมาณ 121-130 วัน ทรงกอตั้ง ใบสีเขียว ใบธงค่อนข้างยาวตั้งตรง คอรวงสั้น รวงยาวและแน่น ระแง้ค่อนข้างถี่ ฟางแข็ง  เมล็ดข้าวเปลือกสีฟาง	ระยะพักตัวของเมล็ดประมาณ 8 สัปดาห์  คุณภาพข้าวสุก ร่วน แข็ง     ผลผลิตประมาณ 740 กิโลกรัมต่อไร่', 'ทุกภาคในเขตชลประทาน', 130, 'rice23.jpg'),
(00050, 'สังข์หยดพัทลุง', 00003, 'คุณภาพเมล็ดทางกายภาพสม่ำเสมอกว่าพันธุ์สุพรรณบุรี 1\r\nต้านทานต่อเพลี้ยกระโดดหลังขาว ค่อนข้างต้านทานต่อเพลี้ยกระโดดสีน้ำตาล โรคขอบใบแห้ง โรคใบจุดสีน้ำตาล และโรคเมล็ดด่าง\r\nทรงกอตั้ง ต้นแข็ง ไม่ล้มง่าย ผลผลิตสูงกว่าผลผลิตของพันธุ์สุพรรณบุรี 1 ประมาณ 5 เปอร์เซ็นต์\r\n', 'ทรงกอตั้ง ต้นแข็งไม่ล้มง่าย ใบสีเขียว กาบใบสีเขียว ใบธงตั้ง คอรวงยาว    รวงยาว 29.9 เซนติเมตร\r\nเมล็ดข้าวเปลือกสีฟาง เมล็ดไม่มีหาง ข้าวกล้องสีขาว เป็นท้องไข่น้อย รูปร่างเรียว\r\nระยะพักตัวของเมล็ดพันธุ์ประมาณ 5 สัปดาห์\r\nอายุการเก็บเกี่ยว 107-125\r\nผลผลิตเฉลี่ย 745 กิโลกรัมต่อไร่ (ปักดำ) 738 กิโลกรัมต่อไร่ (นาหว่านน้ำตม)\r\n', 'นาชลประทานภาคกลาง', 120, 'rice23.jpg'),
(00051, 'เจ๊กเชย 1', 00003, 'คุณภาพเมล็ดทางกายภาพสม่ำเสมอกว่าพันธุ์สุพรรณบุรี 1\r\nต้านทานต่อเพลี้ยกระโดดหลังขาว ค่อนข้างต้านทานต่อเพลี้ยกระโดดสีน้ำตาล โรคขอบใบแห้ง โรคใบจุดสีน้ำตาล และโรคเมล็ดด่าง\r\nทรงกอตั้ง ต้นแข็ง ไม่ล้มง่าย ผลผลิตสูงกว่าผลผลิตของพันธุ์สุพรรณบุรี 1 ประมาณ 5 เปอร์เซ็นต์\r\n', 'ทรงกอตั้ง ต้นแข็งไม่ล้มง่าย ใบสีเขียว กาบใบสีเขียว ใบธงตั้ง คอรวงยาว    รวงยาว 29.9 เซนติเมตร\r\nเมล็ดข้าวเปลือกสีฟาง เมล็ดไม่มีหาง ข้าวกล้องสีขาว เป็นท้องไข่น้อย รูปร่างเรียว\r\nระยะพักตัวของเมล็ดพันธุ์ประมาณ 5 สัปดาห์\r\nอายุการเก็บเกี่ยว 107-125\r\nผลผลิตเฉลี่ย 745 กิโลกรัมต่อไร่ (ปักดำ) 738 กิโลกรัมต่อไร่ (นาหว่านน้ำตม)\r\n', 'นาชลประทานภาคกลาง', 110, 'rice24.jpg');

/*!40101 SET CHARACTER_SET_CLIENT=@OLD_CHARACTER_SET_CLIENT */;
/*!40101 SET CHARACTER_SET_RESULTS=@OLD_CHARACTER_SET_RESULTS */;
/*!40101 SET COLLATION_CONNECTION=@OLD_COLLATION_CONNECTION */;
